<?xml version="1.0" encoding="UTF-8"?>
<project-private xmlns="http://www.netbeans.org/ns/project-private/1">
    <editor-bookmarks xmlns="http://www.netbeans.org/ns/editor-bookmarks/2" lastBookmarkId="0"/>
    <open-files xmlns="http://www.netbeans.org/ns/projectui-open-files/2">
        <group>
            <file>file:/C:/Users/abc/Desktop/WebApplication1/src/java/Bean/LoginFetch.java</file>
            <file>file:/C:/Users/abc/Desktop/WebApplication1/web/WEB-INF/web.xml</file>
            <file>file:/C:/Users/abc/Desktop/WebApplication1/src/java/Dao/ContDao.java</file>
            <file>file:/C:/Users/abc/Desktop/WebApplication1/web/Search.html</file>
            <file>file:/C:/Users/abc/Desktop/WebApplication1/web/LoginF.jsp</file>
            <file>file:/C:/Users/abc/Desktop/WebApplication1/src/java/Bean/Search.java</file>
            <file>file:/C:/Users/abc/Desktop/WebApplication1/web/viewcontact.jsp</file>
            <file>file:/C:/Users/abc/Desktop/WebApplication1/web/WEL.jpg</file>
            <file>file:/C:/Users/abc/Desktop/WebApplication1/src/java/signups.java</file>
            <file>file:/C:/Users/abc/Desktop/WebApplication1/web/editform.jsp</file>
            <file>file:/C:/Users/abc/Desktop/WebApplication1/src/java/Bean/useradd.java</file>
            <file>file:/C:/Users/abc/Desktop/WebApplication1/web/Logout.jsp</file>
            <file>file:/C:/Users/abc/Desktop/WebApplication1/web/Search.jsp</file>
            <file>file:/C:/Users/abc/Desktop/WebApplication1/web/view-error.jsp</file>
            <file>file:/C:/Users/abc/Desktop/WebApplication1/src/java/Bean/login.java</file>
            <file>file:/C:/Users/abc/Desktop/WebApplication1/web/LogoutSession.jsp</file>
            <file>file:/C:/Users/abc/Desktop/WebApplication1/web/Contact.html</file>
            <file>file:/C:/Users/abc/Desktop/WebApplication1/web/form.jsp</file>
            <file>file:/C:/Users/abc/Desktop/WebApplication1/web/viewusers.jsp</file>
            <file>file:/C:/Users/abc/Desktop/WebApplication1/web/EditIcon.png</file>
            <file>file:/C:/Users/abc/Desktop/WebApplication1/web/signuphtml.html</file>
            <file>file:/C:/Users/abc/Desktop/WebApplication1/web/ForgotPass.jsp</file>
            <file>file:/C:/Users/abc/Desktop/WebApplication1/web/edituser.jsp</file>
            <file>file:/C:/Users/abc/Desktop/WebApplication1/src/java/ProfileServlet.java</file>
            <file>file:/C:/Users/abc/Desktop/WebApplication1/web/addcont-success.jsp</file>
            <file>file:/C:/Users/abc/Desktop/WebApplication1/web/Session.jsp</file>
            <file>file:/C:/Users/abc/Desktop/WebApplication1/src/java/Dao/LogDao.java</file>
            <file>file:/C:/Users/abc/Desktop/WebApplication1/web/addcont-error.jsp</file>
            <file>file:/C:/Users/abc/Desktop/WebApplication1/web/loginSuccessful.html</file>
            <file>file:/C:/Users/abc/Desktop/WebApplication1/web/LoginSuccess.jsp</file>
            <file>file:/C:/Users/abc/Desktop/WebApplication1/web/addCont.jsp</file>
            <file>file:/C:/Users/abc/Desktop/WebApplication1/src/java/Dao/SearchDao.java</file>
            <file>file:/C:/Users/abc/Desktop/WebApplication1/web/adduserform.jsp</file>
        </group>
    </open-files>
</project-private>
